State,NAICS Description,"Annual Payroll ($1,000)"
Alabama,Accommodation and food services,3001631.0
Alabama,Administrative and support and waste,3249259.0
Alabama,"Agriculture, forestry, fishing and hunting",262770.0
Alabama,"Arts, entertainment, and recreation",364805.0
Alabama,Construction,4599743.0
Alabama,Educational services,783419.0
Alabama,Finance and insurance,5027426.0
Alabama,Health care and social assistance,12597433.0
Alabama,Industries not classified,3554.0
Alabama,Information,1971311.0
Alabama,Management of companies and enterprises,1895165.0
Alabama,Manufacturing,13819840.0
Alabama,"Mining, quarrying, and oil and gas extraction",402362.0
Alabama,Other services (except public administration),2263089.0
Alabama,"Professional, scientific, and technical",7784932.0
Alabama,Real estate and rental and leasing,1005071.0
Alabama,Retail trade,6120597.0
Alabama,Total for all sectors,74047157.0
Alabama,Transportation and warehousing,3030830.0
Alabama,Utilities,1654396.0
Alabama,Wholesale trade,4209524.0
Alaska,Accommodation and food services,751883.0
Alaska,Administrative and support and waste,1071246.0
Alaska,"Agriculture, forestry, fishing and hunting",41892.0
Alaska,"Arts, entertainment, and recreation",115301.0
Alaska,Construction,1495091.0
Alaska,Educational services,84316.0
Alaska,Finance and insurance,551507.0
Alaska,Health care and social assistance,3145351.0
Alaska,Industries not classified,1153.0
Alaska,Information,457735.0
Alaska,Management of companies and enterprises,763454.0
Alaska,Manufacturing,581165.0
Alaska,"Mining, quarrying, and oil and gas extraction",1209542.0
Alaska,Other services (except public administration),366709.0
Alaska,"Professional, scientific, and technical",1357900.0
Alaska,Real estate and rental and leasing,228267.0
Alaska,Retail trade,1131696.0
Alaska,Total for all sectors,15732010.0
Alaska,Transportation and warehousing,1597917.0
Alaska,Utilities,209714.0
Alaska,Wholesale trade,570171.0
Arizona,Accommodation and food services,6299344.0
Arizona,Administrative and support and waste,6623494.0
Arizona,"Agriculture, forestry, fishing and hunting",70021.0
Arizona,"Arts, entertainment, and recreation",1795103.0
Arizona,Construction,8889416.0
Arizona,Educational services,2382015.0
Arizona,Finance and insurance,12439862.0
Arizona,Health care and social assistance,19322870.0
Arizona,Industries not classified,7719.0
Arizona,Information,3859396.0
Arizona,Management of companies and enterprises,5125375.0
Arizona,Manufacturing,9591337.0
Arizona,"Mining, quarrying, and oil and gas extraction",765129.0
Arizona,Other services (except public administration),3114883.0
Arizona,"Professional, scientific, and technical",11471118.0
Arizona,Real estate and rental and leasing,2995693.0
Arizona,Retail trade,9935334.0
Arizona,Total for all sectors,117059895.0
Arizona,Transportation and warehousing,4972970.0
Arizona,Utilities,1300486.0
Arizona,Wholesale trade,6098330.0
Arkansas,Accommodation and food services,1716665.0
Arkansas,Administrative and support and waste,1317272.0
Arkansas,"Agriculture, forestry, fishing and hunting",221476.0
Arkansas,"Arts, entertainment, and recreation",219965.0
Arkansas,Construction,2372379.0
Arkansas,Educational services,396878.0
Arkansas,Finance and insurance,2488220.0
Arkansas,Health care and social assistance,8364161.0
Arkansas,Industries not classified,2280.0
Arkansas,Information,1560228.0
Arkansas,Management of companies and enterprises,4002394.0
Arkansas,Manufacturing,7568580.0
Arkansas,"Mining, quarrying, and oil and gas extraction",242598.0
Arkansas,Other services (except public administration),1121981.0
Arkansas,"Professional, scientific, and technical",2167334.0
Arkansas,Real estate and rental and leasing,505055.0
Arkansas,Retail trade,3670430.0
Arkansas,Total for all sectors,43741690.0
Arkansas,Transportation and warehousing,2558559.0
Arkansas,Utilities,694948.0
Arkansas,Wholesale trade,2550287.0
California,Accommodation and food services,42102353.0
California,Administrative and support and waste,39499031.0
California,"Agriculture, forestry, fishing and hunting",1242204.0
California,"Arts, entertainment, and recreation",18571492.0
California,Construction,55396137.0
California,Educational services,18550871.0
California,Finance and insurance,74853000.0
California,Health care and social assistance,126174336.0
California,Industries not classified,78498.0
California,Information,115740299.0
California,Management of companies and enterprises,53910206.0
California,Manufacturing,83356195.0
California,"Mining, quarrying, and oil and gas extraction",1376353.0
California,Other services (except public administration),21399769.0
California,"Professional, scientific, and technical",131518147.0
California,Real estate and rental and leasing,19630922.0
California,Retail trade,56746261.0
California,Total for all sectors,970573420.0
California,Transportation and warehousing,31360677.0
California,Utilities,7367738.0
California,Wholesale trade,71647721.0
Colorado,Accommodation and food services,6529600.0
Colorado,Administrative and support and waste,6683015.0
Colorado,"Agriculture, forestry, fishing and hunting",80862.0
Colorado,"Arts, entertainment, and recreation",2038863.0
Colorado,Construction,10705502.0
Colorado,Educational services,1776287.0
Colorado,Finance and insurance,9851268.0
Colorado,Health care and social assistance,16346278.0
Colorado,Industries not classified,9811.0
Colorado,Information,8699538.0
Colorado,Management of companies and enterprises,6549605.0
Colorado,Manufacturing,7750046.0
Colorado,"Mining, quarrying, and oil and gas extraction",2143419.0
Colorado,Other services (except public administration),3979053.0
Colorado,"Professional, scientific, and technical",17067080.0
Colorado,Real estate and rental and leasing,2628124.0
Colorado,Retail trade,8853939.0
Colorado,Total for all sectors,125041647.0
Colorado,Transportation and warehousing,4282815.0
Colorado,Utilities,1005625.0
Colorado,Wholesale trade,8060917.0
Connecticut,Accommodation and food services,3320793.0
Connecticut,Administrative and support and waste,3709873.0
Connecticut,"Agriculture, forestry, fishing and hunting",14511.0
Connecticut,"Arts, entertainment, and recreation",794246.0
Connecticut,Construction,3961468.0
Connecticut,Educational services,3769191.0
Connecticut,Finance and insurance,17158612.0
Connecticut,Health care and social assistance,14663828.0
Connecticut,Industries not classified,7062.0
Connecticut,Information,3936796.0
Connecticut,Management of companies and enterprises,4498691.0
Connecticut,Manufacturing,11944117.0
Connecticut,"Mining, quarrying, and oil and gas extraction",43973.0
Connecticut,Other services (except public administration),2091406.0
Connecticut,"Professional, scientific, and technical",9677154.0
Connecticut,Real estate and rental and leasing,1150253.0
Connecticut,Retail trade,5770269.0
Connecticut,Total for all sectors,95585618.0
Connecticut,Transportation and warehousing,2062581.0
Connecticut,Utilities,956628.0
Connecticut,Wholesale trade,6054166.0
Delaware,Accommodation and food services,895180.0
Delaware,Administrative and support and waste,1089641.0
Delaware,"Agriculture, forestry, fishing and hunting",5794.0
Delaware,"Arts, entertainment, and recreation",235780.0
Delaware,Construction,1300145.0
Delaware,Educational services,266508.0
Delaware,Finance and insurance,4188444.0
Delaware,Health care and social assistance,3810838.0
Delaware,Industries not classified,2352.0
Delaware,Information,471737.0
Delaware,Management of companies and enterprises,644579.0
Delaware,Manufacturing,1933170.0
Delaware,"Mining, quarrying, and oil and gas extraction",16354.0
Delaware,Other services (except public administration),467731.0
Delaware,"Professional, scientific, and technical",3215278.0
Delaware,Real estate and rental and leasing,296915.0
Delaware,Retail trade,1585028.0
Delaware,Total for all sectors,23045652.0
Delaware,Transportation and warehousing,590825.0
Delaware,Utilities,362598.0
Delaware,Wholesale trade,1666755.0
District of Columbia,Accommodation and food services,2296584.0
District of Columbia,Administrative and support and waste,1520563.0
District of Columbia,"Arts, entertainment, and recreation",783806.0
District of Columbia,Construction,709391.0
District of Columbia,Educational services,3101434.0
District of Columbia,Finance and insurance,3322670.0
District of Columbia,Health care and social assistance,4535966.0
District of Columbia,Industries not classified,1330.0
District of Columbia,Information,2858409.0
District of Columbia,Management of companies and enterprises,1011324.0
District of Columbia,Manufacturing,54496.0
District of Columbia,Other services (except public administration),6640622.0
District of Columbia,"Professional, scientific, and technical",14107618.0
District of Columbia,Real estate and rental and leasing,814302.0
District of Columbia,Retail trade,710984.0
District of Columbia,Total for all sectors,43490513.0
District of Columbia,Transportation and warehousing,298901.0
District of Columbia,Utilities,366507.0
District of Columbia,Wholesale trade,355300.0
Florida,Accommodation and food services,20631772.0
Florida,Administrative and support and waste,19452726.0
Florida,"Agriculture, forestry, fishing and hunting",282404.0
Florida,"Arts, entertainment, and recreation",7198065.0
Florida,Construction,22473299.0
Florida,Educational services,6711886.0
Florida,Finance and insurance,29384764.0
Florida,Health care and social assistance,58436799.0
Florida,Industries not classified,23155.0
Florida,Information,13671532.0
Florida,Management of companies and enterprises,13906185.0
Florida,Manufacturing,18241707.0
Florida,"Mining, quarrying, and oil and gas extraction",266078.0
Florida,Other services (except public administration),10059454.0
Florida,"Professional, scientific, and technical",36846429.0
Florida,Real estate and rental and leasing,8781744.0
Florida,Retail trade,31095811.0
Florida,Total for all sectors,334385701.0
Florida,Transportation and warehousing,14328370.0
Florida,Utilities,2892851.0
Florida,Wholesale trade,19699660.0
Georgia,Accommodation and food services,7725930.0
Georgia,Administrative and support and waste,9891035.0
Georgia,"Agriculture, forestry, fishing and hunting",322468.0
Georgia,"Arts, entertainment, and recreation",1833884.0
Georgia,Construction,11307326.0
Georgia,Educational services,3753926.0
Georgia,Finance and insurance,15430730.0
Georgia,Health care and social assistance,26055650.0
Georgia,Industries not classified,12833.0
Georgia,Information,12360817.0
Georgia,Management of companies and enterprises,15910367.0
Georgia,Manufacturing,20476492.0
Georgia,"Mining, quarrying, and oil and gas extraction",352252.0
Georgia,Other services (except public administration),5058325.0
Georgia,"Professional, scientific, and technical",21570927.0
Georgia,Real estate and rental and leasing,4653347.0
Georgia,Retail trade,12997339.0
Georgia,Total for all sectors,197098742.0
Georgia,Transportation and warehousing,10994078.0
Georgia,Utilities,2301254.0
Georgia,Wholesale trade,14088553.0
Hawaii,Accommodation and food services,3585544.0
Hawaii,Administrative and support and waste,1221768.0
Hawaii,"Agriculture, forestry, fishing and hunting",4412.0
Hawaii,"Arts, entertainment, and recreation",329898.0
Hawaii,Construction,2266858.0
Hawaii,Educational services,653551.0
Hawaii,Finance and insurance,1495529.0
Hawaii,Health care and social assistance,4159459.0
Hawaii,Industries not classified,1988.0
Hawaii,Information,520233.0
Hawaii,Management of companies and enterprises,537870.0
Hawaii,Manufacturing,560373.0
Hawaii,"Mining, quarrying, and oil and gas extraction",9996.0
Hawaii,Other services (except public administration),850494.0
Hawaii,"Professional, scientific, and technical",1537954.0
Hawaii,Real estate and rental and leasing,760627.0
Hawaii,Retail trade,2244446.0
Hawaii,Total for all sectors,23860219.0
Hawaii,Transportation and warehousing,1727135.0
Hawaii,Utilities,407967.0
Hawaii,Wholesale trade,982967.0
Idaho,Accommodation and food services,1137664.0
Idaho,Administrative and support and waste,1121301.0
Idaho,"Agriculture, forestry, fishing and hunting",149810.0
Idaho,"Arts, entertainment, and recreation",193312.0
Idaho,Construction,2128780.0
Idaho,Educational services,334546.0
Idaho,Finance and insurance,1363474.0
Idaho,Health care and social assistance,4532950.0
Idaho,Industries not classified,1352.0
Idaho,Information,669199.0
Idaho,Management of companies and enterprises,621156.0
Idaho,Manufacturing,3620255.0
Idaho,"Mining, quarrying, and oil and gas extraction",173395.0
Idaho,Other services (except public administration),613185.0
Idaho,"Professional, scientific, and technical",2038484.0
Idaho,Real estate and rental and leasing,324937.0
Idaho,Retail trade,2487558.0
Idaho,Total for all sectors,24633801.0
Idaho,Transportation and warehousing,835238.0
Idaho,Utilities,370609.0
Idaho,Wholesale trade,1916596.0
Illinois,Accommodation and food services,11048627.0
Illinois,Administrative and support and waste,13460304.0
Illinois,"Agriculture, forestry, fishing and hunting",94745.0
Illinois,"Arts, entertainment, and recreation",3117607.0
Illinois,Construction,16234545.0
Illinois,Educational services,7289625.0
Illinois,Finance and insurance,34603622.0
Illinois,Health care and social assistance,38891864.0
Illinois,Industries not classified,8557.0
Illinois,Information,11461224.0
Illinois,Management of companies and enterprises,24379143.0
Illinois,Manufacturing,33414895.0
Illinois,"Mining, quarrying, and oil and gas extraction",543582.0
Illinois,Other services (except public administration),9506745.0
Illinois,"Professional, scientific, and technical",36486188.0
Illinois,Real estate and rental and leasing,4987488.0
Illinois,Retail trade,16529913.0
Illinois,Total for all sectors,304850394.0
Illinois,Transportation and warehousing,14020019.0
Illinois,Utilities,3313969.0
Illinois,Wholesale trade,25453296.0
Indiana,Accommodation and food services,4603127.0
Indiana,Administrative and support and waste,4844208.0
Indiana,"Agriculture, forestry, fishing and hunting",58524.0
Indiana,"Arts, entertainment, and recreation",1175795.0
Indiana,Construction,8376049.0
Indiana,Educational services,1994471.0
Indiana,Finance and insurance,7022116.0
Indiana,Health care and social assistance,20917068.0
Indiana,Industries not classified,4132.0
Indiana,Information,2815136.0
Indiana,Management of companies and enterprises,4935989.0
Indiana,Manufacturing,29595082.0
Indiana,"Mining, quarrying, and oil and gas extraction",416919.0
Indiana,Other services (except public administration),3728772.0
Indiana,"Professional, scientific, and technical",7405363.0
Indiana,Real estate and rental and leasing,1640195.0
Indiana,Retail trade,8812880.0
Indiana,Total for all sectors,123390342.0
Indiana,Transportation and warehousing,5981803.0
Indiana,Utilities,1487242.0
Indiana,Wholesale trade,7575471.0
Iowa,Accommodation and food services,2027346.0
Iowa,Administrative and support and waste,2172589.0
Iowa,"Agriculture, forestry, fishing and hunting",144406.0
Iowa,"Arts, entertainment, and recreation",328266.0
Iowa,Construction,4024137.0
Iowa,Educational services,954335.0
Iowa,Finance and insurance,6903413.0
Iowa,Health care and social assistance,9759950.0
Iowa,Industries not classified,2679.0
Iowa,Information,1799235.0
Iowa,Management of companies and enterprises,1944168.0
Iowa,Manufacturing,12187176.0
Iowa,"Mining, quarrying, and oil and gas extraction",137228.0
Iowa,Other services (except public administration),1471030.0
Iowa,"Professional, scientific, and technical",3390561.0
Iowa,Real estate and rental and leasing,614175.0
Iowa,Retail trade,4672164.0
Iowa,Total for all sectors,59921772.0
Iowa,Transportation and warehousing,2718925.0
Iowa,Utilities,748238.0
Iowa,Wholesale trade,3921751.0
Kansas,Accommodation and food services,1873794.0
Kansas,Administrative and support and waste,2445940.0
Kansas,"Agriculture, forestry, fishing and hunting",37858.0
Kansas,"Arts, entertainment, and recreation",325454.0
Kansas,Construction,3803071.0
Kansas,Educational services,613921.0
Kansas,Finance and insurance,4520925.0
Kansas,Health care and social assistance,8574060.0
Kansas,Industries not classified,2222.0
Kansas,Information,2304749.0
Kansas,Management of companies and enterprises,2465446.0
Kansas,Manufacturing,9481652.0
Kansas,"Mining, quarrying, and oil and gas extraction",399560.0
Kansas,Other services (except public administration),1377485.0
Kansas,"Professional, scientific, and technical",4215240.0
Kansas,Real estate and rental and leasing,599776.0
Kansas,Retail trade,3816902.0
Kansas,Total for all sectors,53894686.0
Kansas,Transportation and warehousing,2575601.0
Kansas,Utilities,769773.0
Kansas,Wholesale trade,3691257.0
Kentucky,Accommodation and food services,2858882.0
Kentucky,Administrative and support and waste,2996253.0
Kentucky,"Agriculture, forestry, fishing and hunting",55179.0
Kentucky,"Arts, entertainment, and recreation",440716.0
Kentucky,Construction,3847398.0
Kentucky,Educational services,839708.0
Kentucky,Finance and insurance,5236956.0
Kentucky,Health care and social assistance,12571365.0
Kentucky,Industries not classified,3416.0
Kentucky,Information,1458314.0
Kentucky,Management of companies and enterprises,3257699.0
Kentucky,Manufacturing,13401324.0
Kentucky,"Mining, quarrying, and oil and gas extraction",639711.0
Kentucky,Other services (except public administration),1846541.0
Kentucky,"Professional, scientific, and technical",3963257.0
Kentucky,Real estate and rental and leasing,777553.0
Kentucky,Retail trade,5686839.0
Kentucky,Total for all sectors,70201822.0
Kentucky,Transportation and warehousing,5489702.0
Kentucky,Utilities,792413.0
Kentucky,Wholesale trade,4038596.0
Louisiana,Accommodation and food services,4059947.0
Louisiana,Administrative and support and waste,3064894.0
Louisiana,"Agriculture, forestry, fishing and hunting",185839.0
Louisiana,"Arts, entertainment, and recreation",876425.0
Louisiana,Construction,8354281.0
Louisiana,Educational services,1663562.0
Louisiana,Finance and insurance,4242042.0
Louisiana,Health care and social assistance,13331101.0
Louisiana,Industries not classified,3260.0
Louisiana,Information,1274839.0
Louisiana,Management of companies and enterprises,2062614.0
Louisiana,Manufacturing,8732880.0
Louisiana,"Mining, quarrying, and oil and gas extraction",2490419.0
Louisiana,Other services (except public administration),2309757.0
Louisiana,"Professional, scientific, and technical",6277286.0
Louisiana,Real estate and rental and leasing,1505096.0
Louisiana,Retail trade,6074709.0
Louisiana,Total for all sectors,75671251.0
Louisiana,Transportation and warehousing,3804801.0
Louisiana,Utilities,1104591.0
Louisiana,Wholesale trade,4252908.0
Maine,Accommodation and food services,1317938.0
Maine,Administrative and support and waste,740450.0
Maine,"Agriculture, forestry, fishing and hunting",172758.0
Maine,"Arts, entertainment, and recreation",190919.0
Maine,Construction,1448654.0
Maine,Educational services,634293.0
Maine,Finance and insurance,1919387.0
Maine,Health care and social assistance,5445475.0
Maine,Industries not classified,1448.0
Maine,Information,640897.0
Maine,Management of companies and enterprises,856239.0
Maine,Manufacturing,2802039.0
Maine,"Mining, quarrying, and oil and gas extraction",4959.0
Maine,Other services (except public administration),608351.0
Maine,"Professional, scientific, and technical",1465914.0
Maine,Real estate and rental and leasing,311306.0
Maine,Retail trade,2317392.0
Maine,Total for all sectors,22873625.0
Maine,Transportation and warehousing,748323.0
Maine,Utilities,201783.0
Maine,Wholesale trade,1045100.0
Maryland,Accommodation and food services,5126026.0
Maryland,Administrative and support and waste,7419991.0
Maryland,"Agriculture, forestry, fishing and hunting",45988.0
Maryland,"Arts, entertainment, and recreation",1419049.0
Maryland,Construction,10080869.0
Maryland,Educational services,4255107.0
Maryland,Finance and insurance,10260348.0
Maryland,Health care and social assistance,20071846.0
Maryland,Industries not classified,16248.0
Maryland,Information,4421058.0
Maryland,Management of companies and enterprises,5740706.0
Maryland,Manufacturing,6608575.0
Maryland,"Mining, quarrying, and oil and gas extraction",96255.0
Maryland,Other services (except public administration),4733294.0
Maryland,"Professional, scientific, and technical",25417917.0
Maryland,Real estate and rental and leasing,2968640.0
Maryland,Retail trade,8480877.0
Maryland,Total for all sectors,128528143.0
Maryland,Transportation and warehousing,3922388.0
Maryland,Utilities,1270529.0
Maryland,Wholesale trade,6167314.0
Massachusetts,Accommodation and food services,7458779.0
Massachusetts,Administrative and support and waste,8346828.0
Massachusetts,"Agriculture, forestry, fishing and hunting",47853.0
Massachusetts,"Arts, entertainment, and recreation",2525866.0
Massachusetts,Construction,11383070.0
Massachusetts,Educational services,10422715.0
Massachusetts,Finance and insurance,28327606.0
Massachusetts,Health care and social assistance,33337416.0
Massachusetts,Industries not classified,51428.0
Massachusetts,Information,14716297.0
Massachusetts,Management of companies and enterprises,14022621.0
Massachusetts,Manufacturing,17450953.0
Massachusetts,"Mining, quarrying, and oil and gas extraction",46529.0
Massachusetts,Other services (except public administration),4770166.0
Massachusetts,"Professional, scientific, and technical",36277841.0
Massachusetts,Real estate and rental and leasing,3514566.0
Massachusetts,Retail trade,11443518.0
Massachusetts,Total for all sectors,223717239.0
Massachusetts,Transportation and warehousing,4746433.0
Massachusetts,Utilities,1628044.0
Massachusetts,Wholesale trade,13198301.0
Michigan,Accommodation and food services,7205546.0
Michigan,Administrative and support and waste,8802519.0
Michigan,"Agriculture, forestry, fishing and hunting",173199.0
Michigan,"Arts, entertainment, and recreation",1793493.0
Michigan,Construction,10149711.0
Michigan,Educational services,2111280.0
Michigan,Finance and insurance,12650041.0
Michigan,Health care and social assistance,30729106.0
Michigan,Industries not classified,10437.0
Michigan,Information,5167079.0
Michigan,Management of companies and enterprises,13927296.0
Michigan,Manufacturing,35262501.0
Michigan,"Mining, quarrying, and oil and gas extraction",355502.0
Michigan,Other services (except public administration),4977942.0
Michigan,"Professional, scientific, and technical",22767040.0
Michigan,Real estate and rental and leasing,2461331.0
Michigan,Retail trade,12821385.0
Michigan,Total for all sectors,192877356.0
Michigan,Transportation and warehousing,6416885.0
Michigan,Utilities,2695598.0
Michigan,Wholesale trade,12396948.0
Minnesota,Accommodation and food services,4721071.0
Minnesota,Administrative and support and waste,4960486.0
Minnesota,"Agriculture, forestry, fishing and hunting",117894.0
Minnesota,"Arts, entertainment, and recreation",1742863.0
Minnesota,Construction,9387653.0
Minnesota,Educational services,2292817.0
Minnesota,Finance and insurance,16243765.0
Minnesota,Health care and social assistance,21584334.0
Minnesota,Industries not classified,4859.0
Minnesota,Information,5158703.0
Minnesota,Management of companies and enterprises,13477968.0
Minnesota,Manufacturing,18988956.0
Minnesota,"Mining, quarrying, and oil and gas extraction",498326.0
Minnesota,Other services (except public administration),3656197.0
Minnesota,"Professional, scientific, and technical",15236390.0
Minnesota,Real estate and rental and leasing,1973039.0
Minnesota,Retail trade,8465629.0
Minnesota,Total for all sectors,143617069.0
Minnesota,Transportation and warehousing,4268000.0
Minnesota,Utilities,1395157.0
Minnesota,Wholesale trade,9442962.0
Mississippi,Accommodation and food services,2237178.0
Mississippi,Administrative and support and waste,1245989.0
Mississippi,"Agriculture, forestry, fishing and hunting",199474.0
Mississippi,"Arts, entertainment, and recreation",158353.0
Mississippi,Construction,2249368.0
Mississippi,Educational services,407856.0
Mississippi,Finance and insurance,1912030.0
Mississippi,Health care and social assistance,8059755.0
Mississippi,Industries not classified,2527.0
Mississippi,Information,624322.0
Mississippi,Management of companies and enterprises,557944.0
Mississippi,Manufacturing,7254157.0
Mississippi,"Mining, quarrying, and oil and gas extraction",235455.0
Mississippi,Other services (except public administration),993423.0
Mississippi,"Professional, scientific, and technical",1584726.0
Mississippi,Real estate and rental and leasing,358990.0
Mississippi,Retail trade,3408465.0
Mississippi,Total for all sectors,36113029.0
Mississippi,Transportation and warehousing,1865776.0
Mississippi,Utilities,823381.0
Mississippi,Wholesale trade,1933860.0
Missouri,Accommodation and food services,4662735.0
Missouri,Administrative and support and waste,4616673.0
Missouri,"Agriculture, forestry, fishing and hunting",58746.0
Missouri,"Arts, entertainment, and recreation",1805098.0
Missouri,Construction,7910457.0
Missouri,Educational services,3396578.0
Missouri,Finance and insurance,10892665.0
Missouri,Health care and social assistance,19256217.0
Missouri,Industries not classified,8144.0
Missouri,Information,4033897.0
Missouri,Management of companies and enterprises,7934448.0
Missouri,Manufacturing,15039715.0
Missouri,"Mining, quarrying, and oil and gas extraction",225540.0
Missouri,Other services (except public administration),3245437.0
Missouri,"Professional, scientific, and technical",11690432.0
Missouri,Real estate and rental and leasing,1641434.0
Missouri,Retail trade,8192154.0
Missouri,Total for all sectors,117839036.0
Missouri,Transportation and warehousing,4112449.0
Missouri,Utilities,1621037.0
Missouri,Wholesale trade,7495180.0
Montana,Accommodation and food services,964263.0
Montana,Administrative and support and waste,598495.0
Montana,"Agriculture, forestry, fishing and hunting",49192.0
Montana,"Arts, entertainment, and recreation",196077.0
Montana,Construction,1551636.0
Montana,Educational services,156211.0
Montana,Finance and insurance,1076764.0
Montana,Health care and social assistance,3373983.0
Montana,Industries not classified,1258.0
Montana,Information,442440.0
Montana,Management of companies and enterprises,252155.0
Montana,Manufacturing,996398.0
Montana,"Mining, quarrying, and oil and gas extraction",517860.0
Montana,Other services (except public administration),528385.0
Montana,"Professional, scientific, and technical",983595.0
Montana,Real estate and rental and leasing,225312.0
Montana,Retail trade,1693784.0
Montana,Total for all sectors,15192070.0
Montana,Transportation and warehousing,510931.0
Montana,Utilities,264044.0
Montana,Wholesale trade,809287.0
Nebraska,Accommodation and food services,1268107.0
Nebraska,Administrative and support and waste,1407897.0
Nebraska,"Agriculture, forestry, fishing and hunting",70544.0
Nebraska,"Arts, entertainment, and recreation",257593.0
Nebraska,Construction,2712568.0
Nebraska,Educational services,535039.0
Nebraska,Finance and insurance,4774565.0
Nebraska,Health care and social assistance,6509039.0
Nebraska,Industries not classified,1977.0
Nebraska,Information,1371204.0
Nebraska,Management of companies and enterprises,1681054.0
Nebraska,Manufacturing,4853602.0
Nebraska,"Mining, quarrying, and oil and gas extraction",65789.0
Nebraska,Other services (except public administration),1053436.0
Nebraska,"Professional, scientific, and technical",2436353.0
Nebraska,Real estate and rental and leasing,514295.0
Nebraska,Retail trade,2965685.0
Nebraska,Total for all sectors,36386950.0
Nebraska,Transportation and warehousing,1456214.0
Nebraska,Utilities,113577.0
Nebraska,Wholesale trade,2338412.0
Nevada,Accommodation and food services,9847983.0
Nevada,Administrative and support and waste,2953942.0
Nevada,"Agriculture, forestry, fishing and hunting",16367.0
Nevada,"Arts, entertainment, and recreation",1112049.0
Nevada,Construction,4756154.0
Nevada,Educational services,474372.0
Nevada,Finance and insurance,2753920.0
Nevada,Health care and social assistance,7191890.0
Nevada,Industries not classified,4581.0
Nevada,Information,1282613.0
Nevada,Management of companies and enterprises,2305426.0
Nevada,Manufacturing,2759730.0
Nevada,"Mining, quarrying, and oil and gas extraction",1206967.0
Nevada,Other services (except public administration),1210033.0
Nevada,"Professional, scientific, and technical",3876873.0
Nevada,Real estate and rental and leasing,1466850.0
Nevada,Retail trade,4412745.0
Nevada,Total for all sectors,53230186.0
Nevada,Transportation and warehousing,2547824.0
Nevada,Utilities,537699.0
Nevada,Wholesale trade,2512168.0
New Hampshire,Accommodation and food services,1304136.0
New Hampshire,Administrative and support and waste,1216305.0
New Hampshire,"Agriculture, forestry, fishing and hunting",35231.0
New Hampshire,"Arts, entertainment, and recreation",310029.0
New Hampshire,Construction,1925379.0
New Hampshire,Educational services,1090896.0
New Hampshire,Finance and insurance,2629129.0
New Hampshire,Health care and social assistance,5056522.0
New Hampshire,Industries not classified,1510.0
New Hampshire,Information,1327000.0
New Hampshire,Management of companies and enterprises,838944.0
New Hampshire,Manufacturing,4200191.0
New Hampshire,"Mining, quarrying, and oil and gas extraction",18803.0
New Hampshire,Other services (except public administration),755484.0
New Hampshire,"Professional, scientific, and technical",2803283.0
New Hampshire,Real estate and rental and leasing,390327.0
New Hampshire,Retail trade,2894277.0
New Hampshire,Total for all sectors,29660197.0
New Hampshire,Transportation and warehousing,610889.0
New Hampshire,Utilities,361549.0
New Hampshire,Wholesale trade,1890313.0
New Jersey,Accommodation and food services,7077908.0
New Jersey,Administrative and support and waste,9569033.0
New Jersey,"Agriculture, forestry, fishing and hunting",41100.0
New Jersey,"Arts, entertainment, and recreation",2121831.0
New Jersey,Construction,11842370.0
New Jersey,Educational services,4050791.0
New Jersey,Finance and insurance,24691620.0
New Jersey,Health care and social assistance,30878828.0
New Jersey,Industries not classified,13531.0
New Jersey,Information,8887689.0
New Jersey,Management of companies and enterprises,16884777.0
New Jersey,Manufacturing,14768279.0
New Jersey,"Mining, quarrying, and oil and gas extraction",65762.0
New Jersey,Other services (except public administration),5057536.0
New Jersey,"Professional, scientific, and technical",31046503.0
New Jersey,Real estate and rental and leasing,3781552.0
New Jersey,Retail trade,13985141.0
New Jersey,Total for all sectors,222875475.0
New Jersey,Transportation and warehousing,9964265.0
New Jersey,Utilities,2575482.0
New Jersey,Wholesale trade,25566731.0
New Mexico,Accommodation and food services,1731597.0
New Mexico,Administrative and support and waste,1228071.0
New Mexico,"Agriculture, forestry, fishing and hunting",17120.0
New Mexico,"Arts, entertainment, and recreation",285444.0
New Mexico,Construction,2006778.0
New Mexico,Educational services,284999.0
New Mexico,Finance and insurance,1363731.0
New Mexico,Health care and social assistance,5549736.0
New Mexico,Industries not classified,706.0
New Mexico,Information,564692.0
New Mexico,Management of companies and enterprises,426515.0
New Mexico,Manufacturing,1319420.0
New Mexico,"Mining, quarrying, and oil and gas extraction",1346472.0
New Mexico,Other services (except public administration),798912.0
New Mexico,"Professional, scientific, and technical",4175366.0
New Mexico,Real estate and rental and leasing,417938.0
New Mexico,Retail trade,2589746.0
New Mexico,Total for all sectors,26433316.0
New Mexico,Transportation and warehousing,871171.0
New Mexico,Utilities,397481.0
New Mexico,Wholesale trade,1057421.0
New York,Accommodation and food services,21644808.0
New York,Administrative and support and waste,21583050.0
New York,"Agriculture, forestry, fishing and hunting",118748.0
New York,"Arts, entertainment, and recreation",9327956.0
New York,Construction,27320961.0
New York,Educational services,18886300.0
New York,Finance and insurance,112211125.0
New York,Health care and social assistance,85344561.0
New York,Industries not classified,34029.0
New York,Information,36508465.0
New York,Management of companies and enterprises,26428770.0
New York,Manufacturing,24528574.0
New York,"Mining, quarrying, and oil and gas extraction",232305.0
New York,Other services (except public administration),15817503.0
New York,"Professional, scientific, and technical",64273037.0
New York,Real estate and rental and leasing,12194539.0
New York,Retail trade,28519947.0
New York,Total for all sectors,548702962.0
New York,Transportation and warehousing,13192105.0
New York,Utilities,4708171.0
New York,Wholesale trade,25816711.0
North Carolina,Accommodation and food services,7515130.0
North Carolina,Administrative and support and waste,8242137.0
North Carolina,"Agriculture, forestry, fishing and hunting",198405.0
North Carolina,"Arts, entertainment, and recreation",2136631.0
North Carolina,Construction,10593808.0
North Carolina,Educational services,4269852.0
North Carolina,Finance and insurance,17898184.0
North Carolina,Health care and social assistance,29105164.0
North Carolina,Industries not classified,11856.0
North Carolina,Information,6959013.0
North Carolina,Management of companies and enterprises,9759416.0
North Carolina,Manufacturing,23340773.0
North Carolina,"Mining, quarrying, and oil and gas extraction",206636.0
North Carolina,Other services (except public administration),4798901.0
North Carolina,"Professional, scientific, and technical",16950970.0
North Carolina,Real estate and rental and leasing,2768379.0
North Carolina,Retail trade,12986973.0
North Carolina,Total for all sectors,179017236.0
North Carolina,Transportation and warehousing,6077829.0
North Carolina,Utilities,2114505.0
North Carolina,Wholesale trade,13082674.0
North Dakota,Accommodation and food services,664537.0
North Dakota,Administrative and support and waste,473686.0
North Dakota,"Agriculture, forestry, fishing and hunting",21563.0
North Dakota,"Arts, entertainment, and recreation",90734.0
North Dakota,Construction,1609311.0
North Dakota,Educational services,108185.0
North Dakota,Finance and insurance,1164595.0
North Dakota,Health care and social assistance,3228507.0
North Dakota,Industries not classified,1047.0
North Dakota,Information,472367.0
North Dakota,Management of companies and enterprises,370955.0
North Dakota,Manufacturing,1390728.0
North Dakota,"Mining, quarrying, and oil and gas extraction",1695319.0
North Dakota,Other services (except public administration),451722.0
North Dakota,"Professional, scientific, and technical",1041755.0
North Dakota,Real estate and rental and leasing,271506.0
North Dakota,Retail trade,1486476.0
North Dakota,Total for all sectors,17302345.0
North Dakota,Transportation and warehousing,989238.0
North Dakota,Utilities,429533.0
North Dakota,Wholesale trade,1340581.0
Ohio,Accommodation and food services,7642930.0
Ohio,Administrative and support and waste,10455068.0
Ohio,"Agriculture, forestry, fishing and hunting",43872.0
Ohio,"Arts, entertainment, and recreation",2962168.0
Ohio,Construction,12408737.0
Ohio,Educational services,3469578.0
Ohio,Finance and insurance,20179350.0
Ohio,Health care and social assistance,40791866.0
Ohio,Industries not classified,6381.0
Ohio,Information,6498944.0
Ohio,Management of companies and enterprises,15441652.0
Ohio,Manufacturing,39419978.0
Ohio,"Mining, quarrying, and oil and gas extraction",773107.0
Ohio,Other services (except public administration),5816551.0
Ohio,"Professional, scientific, and technical",18134827.0
Ohio,Real estate and rental and leasing,3063018.0
Ohio,Retail trade,14951925.0
Ohio,Total for all sectors,228895326.0
Ohio,Transportation and warehousing,9646570.0
Ohio,Utilities,2630895.0
Ohio,Wholesale trade,14557684.0
Oklahoma,Accommodation and food services,2622826.0
Oklahoma,Administrative and support and waste,2710906.0
Oklahoma,"Agriculture, forestry, fishing and hunting",36214.0
Oklahoma,"Arts, entertainment, and recreation",904359.0
Oklahoma,Construction,4089273.0
Oklahoma,Educational services,627392.0
Oklahoma,Finance and insurance,3706931.0
Oklahoma,Health care and social assistance,9902816.0
Oklahoma,Industries not classified,3325.0
Oklahoma,Information,1500658.0
Oklahoma,Management of companies and enterprises,3876890.0
Oklahoma,Manufacturing,7229604.0
Oklahoma,"Mining, quarrying, and oil and gas extraction",3498319.0
Oklahoma,Other services (except public administration),1730280.0
Oklahoma,"Professional, scientific, and technical",4444274.0
Oklahoma,Real estate and rental and leasing,1032915.0
Oklahoma,Retail trade,4774286.0
Oklahoma,Total for all sectors,59868568.0
Oklahoma,Transportation and warehousing,2921208.0
Oklahoma,Utilities,936463.0
Oklahoma,Wholesale trade,3319629.0
Oregon,Accommodation and food services,4000890.0
Oregon,Administrative and support and waste,3388983.0
Oregon,"Agriculture, forestry, fishing and hunting",670184.0
Oregon,"Arts, entertainment, and recreation",832708.0
Oregon,Construction,6187528.0
Oregon,Educational services,1118596.0
Oregon,Finance and insurance,4999068.0
Oregon,Health care and social assistance,13856811.0
Oregon,Industries not classified,6146.0
Oregon,Information,3139905.0
Oregon,Management of companies and enterprises,6045409.0
Oregon,Manufacturing,11183256.0
Oregon,"Mining, quarrying, and oil and gas extraction",85303.0
Oregon,Other services (except public administration),2271348.0
Oregon,"Professional, scientific, and technical",7476089.0
Oregon,Real estate and rental and leasing,1416892.0
Oregon,Retail trade,6264671.0
Oregon,Total for all sectors,82120073.0
Oregon,Transportation and warehousing,2964603.0
Oregon,Utilities,825378.0
Oregon,Wholesale trade,5386305.0
Pennsylvania,Accommodation and food services,8646040.0
Pennsylvania,Administrative and support and waste,11256262.0
Pennsylvania,"Agriculture, forestry, fishing and hunting",105861.0
Pennsylvania,"Arts, entertainment, and recreation",3585130.0
Pennsylvania,Construction,16056587.0
Pennsylvania,Educational services,11408622.0
Pennsylvania,Finance and insurance,25491566.0
Pennsylvania,Health care and social assistance,51001980.0
Pennsylvania,Industries not classified,9904.0
Pennsylvania,Information,10165834.0
Pennsylvania,Management of companies and enterprises,17575729.0
Pennsylvania,Manufacturing,32517188.0
Pennsylvania,"Mining, quarrying, and oil and gas extraction",2017977.0
Pennsylvania,Other services (except public administration),7183285.0
Pennsylvania,"Professional, scientific, and technical",26641620.0
Pennsylvania,Real estate and rental and leasing,3745414.0
Pennsylvania,Retail trade,17814120.0
Pennsylvania,Total for all sectors,276355015.0
Pennsylvania,Transportation and warehousing,10827436.0
Pennsylvania,Utilities,3485457.0
Pennsylvania,Wholesale trade,16806470.0
Rhode Island,Accommodation and food services,1156072.0
Rhode Island,Administrative and support and waste,872687.0
Rhode Island,"Agriculture, forestry, fishing and hunting",8742.0
Rhode Island,"Arts, entertainment, and recreation",237067.0
Rhode Island,Construction,1272061.0
Rhode Island,Educational services,1177323.0
Rhode Island,Finance and insurance,2632194.0
Rhode Island,Health care and social assistance,4165852.0
Rhode Island,Industries not classified,1803.0
Rhode Island,Information,501707.0
Rhode Island,Management of companies and enterprises,1719322.0
Rhode Island,Manufacturing,2298729.0
Rhode Island,"Mining, quarrying, and oil and gas extraction",10457.0
Rhode Island,Other services (except public administration),624332.0
Rhode Island,"Professional, scientific, and technical",1536302.0
Rhode Island,Real estate and rental and leasing,255292.0
Rhode Island,Retail trade,1448751.0
Rhode Island,Total for all sectors,21999974.0
Rhode Island,Transportation and warehousing,496347.0
Rhode Island,Utilities,156280.0
Rhode Island,Wholesale trade,1428654.0
South Carolina,Accommodation and food services,4003593.0
South Carolina,Administrative and support and waste,4230259.0
South Carolina,"Agriculture, forestry, fishing and hunting",173036.0
South Carolina,"Arts, entertainment, and recreation",580520.0
South Carolina,Construction,4525425.0
South Carolina,Educational services,884414.0
South Carolina,Finance and insurance,4068779.0
South Carolina,Health care and social assistance,11283684.0
South Carolina,Industries not classified,5282.0
South Carolina,Information,2381837.0
South Carolina,Management of companies and enterprises,2615358.0
South Carolina,Manufacturing,14087193.0
South Carolina,"Mining, quarrying, and oil and gas extraction",102817.0
South Carolina,Other services (except public administration),2298539.0
South Carolina,"Professional, scientific, and technical",6193046.0
South Carolina,Real estate and rental and leasing,1198443.0
South Carolina,Retail trade,6401346.0
South Carolina,Total for all sectors,73158259.0
South Carolina,Transportation and warehousing,2787205.0
South Carolina,Utilities,1060179.0
South Carolina,Wholesale trade,4277304.0
South Dakota,Accommodation and food services,718844.0
South Dakota,Administrative and support and waste,357657.0
South Dakota,"Agriculture, forestry, fishing and hunting",18706.0
South Dakota,"Arts, entertainment, and recreation",135895.0
South Dakota,Construction,1086370.0
South Dakota,Educational services,216127.0
South Dakota,Finance and insurance,1550689.0
South Dakota,Health care and social assistance,3683065.0
South Dakota,Industries not classified,1152.0
South Dakota,Information,353976.0
South Dakota,Management of companies and enterprises,521352.0
South Dakota,Manufacturing,2215631.0
South Dakota,"Mining, quarrying, and oil and gas extraction",73538.0
South Dakota,Other services (except public administration),396258.0
South Dakota,"Professional, scientific, and technical",679811.0
South Dakota,Real estate and rental and leasing,158996.0
South Dakota,Retail trade,1412289.0
South Dakota,Total for all sectors,15241286.0
South Dakota,Transportation and warehousing,444697.0
South Dakota,Utilities,210106.0
South Dakota,Wholesale trade,1006127.0
Tennessee,Accommodation and food services,5362697.0
Tennessee,Administrative and support and waste,7168780.0
Tennessee,"Agriculture, forestry, fishing and hunting",60434.0
Tennessee,"Arts, entertainment, and recreation",1932592.0
Tennessee,Construction,6376664.0
Tennessee,Educational services,2401873.0
Tennessee,Finance and insurance,9700528.0
Tennessee,Health care and social assistance,21506377.0
Tennessee,Industries not classified,7907.0
Tennessee,Information,3062632.0
Tennessee,Management of companies and enterprises,9652468.0
Tennessee,Manufacturing,18117287.0
Tennessee,"Mining, quarrying, and oil and gas extraction",180506.0
Tennessee,Other services (except public administration),3358350.0
Tennessee,"Professional, scientific, and technical",8273713.0
Tennessee,Real estate and rental and leasing,1854098.0
Tennessee,Retail trade,8728479.0
Tennessee,Total for all sectors,122310867.0
Tennessee,Transportation and warehousing,6871482.0
Tennessee,Utilities,241877.0
Tennessee,Wholesale trade,7451806.0
Texas,Accommodation and food services,22916749.0
Texas,Administrative and support and waste,27967656.0
Texas,"Agriculture, forestry, fishing and hunting",296945.0
Texas,"Arts, entertainment, and recreation",4760452.0
Texas,Construction,43451356.0
Texas,Educational services,8022962.0
Texas,Finance and insurance,45355984.0
Texas,Health care and social assistance,71492142.0
Texas,Industries not classified,29567.0
Texas,Information,22112651.0
Texas,Management of companies and enterprises,37200261.0
Texas,Manufacturing,51565240.0
Texas,"Mining, quarrying, and oil and gas extraction",19815070.0
Texas,Other services (except public administration),15341420.0
Texas,"Professional, scientific, and technical",61444581.0
Texas,Real estate and rental and leasing,11983921.0
Texas,Retail trade,38124245.0
Texas,Total for all sectors,553176518.0
Texas,Transportation and warehousing,28418303.0
Texas,Utilities,5613041.0
Texas,Wholesale trade,37263910.0
Utah,Accommodation and food services,2285118.0
Utah,Administrative and support and waste,3343130.0
Utah,"Agriculture, forestry, fishing and hunting",32012.0
Utah,"Arts, entertainment, and recreation",471261.0
Utah,Construction,4833659.0
Utah,Educational services,1665333.0
Utah,Finance and insurance,4721151.0
Utah,Health care and social assistance,6737207.0
Utah,Industries not classified,2733.0
Utah,Information,3885937.0
Utah,Management of companies and enterprises,2529198.0
Utah,Manufacturing,7256531.0
Utah,"Mining, quarrying, and oil and gas extraction",536471.0
Utah,Other services (except public administration),1974911.0
Utah,"Professional, scientific, and technical",5743018.0
Utah,Real estate and rental and leasing,987691.0
Utah,Retail trade,4636015.0
Utah,Total for all sectors,58553240.0
Utah,Transportation and warehousing,2845256.0
Utah,Utilities,431441.0
Utah,Wholesale trade,3635167.0
Vermont,Accommodation and food services,683498.0
Vermont,Administrative and support and waste,313412.0
Vermont,"Agriculture, forestry, fishing and hunting",20985.0
Vermont,"Arts, entertainment, and recreation",149962.0
Vermont,Construction,778455.0
Vermont,Educational services,498138.0
Vermont,Finance and insurance,709964.0
Vermont,Health care and social assistance,2331788.0
Vermont,Industries not classified,1129.0
Vermont,Information,544162.0
Vermont,Management of companies and enterprises,164487.0
Vermont,Manufacturing,1739899.0
Vermont,"Mining, quarrying, and oil and gas extraction",34002.0
Vermont,Other services (except public administration),305545.0
Vermont,"Professional, scientific, and technical",859446.0
Vermont,Real estate and rental and leasing,131676.0
Vermont,Retail trade,1139338.0
Vermont,Total for all sectors,11436767.0
Vermont,Transportation and warehousing,246609.0
Vermont,Utilities,140081.0
Vermont,Wholesale trade,644191.0
Virginia,Accommodation and food services,6823762.0
Virginia,Administrative and support and waste,10042711.0
Virginia,"Agriculture, forestry, fishing and hunting",215311.0
Virginia,"Arts, entertainment, and recreation",1564261.0
Virginia,Construction,10683094.0
Virginia,Educational services,2934586.0
Virginia,Finance and insurance,14933969.0
Virginia,Health care and social assistance,23732473.0
Virginia,Industries not classified,10023.0
Virginia,Information,10321844.0
Virginia,Management of companies and enterprises,7585804.0
Virginia,Manufacturing,13629251.0
Virginia,"Mining, quarrying, and oil and gas extraction",490478.0
Virginia,Other services (except public administration),6746522.0
Virginia,"Professional, scientific, and technical",45091700.0
Virginia,Real estate and rental and leasing,3136437.0
Virginia,Retail trade,11774622.0
Virginia,Total for all sectors,184147631.0
Virginia,Transportation and warehousing,5312151.0
Virginia,Utilities,1722721.0
Virginia,Wholesale trade,7392013.0
Washington,Accommodation and food services,7244952.0
Washington,Administrative and support and waste,7358546.0
Washington,"Agriculture, forestry, fishing and hunting",785672.0
Washington,"Arts, entertainment, and recreation",2191826.0
Washington,Construction,14197684.0
Washington,Educational services,1685612.0
Washington,Finance and insurance,9209067.0
Washington,Health care and social assistance,25024855.0
Washington,Industries not classified,13396.0
Washington,Information,26416035.0
Washington,Management of companies and enterprises,14384853.0
Washington,Manufacturing,18318134.0
Washington,"Mining, quarrying, and oil and gas extraction",133789.0
Washington,Other services (except public administration),4485734.0
Washington,"Professional, scientific, and technical",17741515.0
Washington,Real estate and rental and leasing,2880759.0
Washington,Retail trade,11473440.0
Washington,Total for all sectors,180101639.0
Washington,Transportation and warehousing,6089503.0
Washington,Utilities,1049413.0
Washington,Wholesale trade,9416349.0
West Virginia,Accommodation and food services,1145653.0
West Virginia,Administrative and support and waste,959505.0
West Virginia,"Agriculture, forestry, fishing and hunting",33035.0
West Virginia,"Arts, entertainment, and recreation",120530.0
West Virginia,Construction,1374993.0
West Virginia,Educational services,263551.0
West Virginia,Finance and insurance,882800.0
West Virginia,Health care and social assistance,6330540.0
West Virginia,Industries not classified,998.0
West Virginia,Information,437520.0
West Virginia,Management of companies and enterprises,417590.0
West Virginia,Manufacturing,2795357.0
West Virginia,"Mining, quarrying, and oil and gas extraction",1579715.0
West Virginia,Other services (except public administration),638082.0
West Virginia,"Professional, scientific, and technical",1259670.0
West Virginia,Real estate and rental and leasing,235124.0
West Virginia,Retail trade,2057752.0
West Virginia,Total for all sectors,22674180.0
West Virginia,Transportation and warehousing,764662.0
West Virginia,Utilities,479131.0
West Virginia,Wholesale trade,897972.0
Wisconsin,Accommodation and food services,4055796.0
Wisconsin,Administrative and support and waste,4495723.0
Wisconsin,"Agriculture, forestry, fishing and hunting",164383.0
Wisconsin,"Arts, entertainment, and recreation",1418551.0
Wisconsin,Construction,8185737.0
Wisconsin,Educational services,2151197.0
Wisconsin,Finance and insurance,11257854.0
Wisconsin,Health care and social assistance,19998639.0
Wisconsin,Industries not classified,3380.0
Wisconsin,Information,4245832.0
Wisconsin,Management of companies and enterprises,7666888.0
Wisconsin,Manufacturing,26835109.0
Wisconsin,"Mining, quarrying, and oil and gas extraction",951898.0
Wisconsin,Other services (except public administration),2998473.0
Wisconsin,"Professional, scientific, and technical",7741103.0
Wisconsin,Real estate and rental and leasing,1176354.0
Wisconsin,Retail trade,8529086.0
Wisconsin,Total for all sectors,125526319.0
Wisconsin,Transportation and warehousing,4737938.0
Wisconsin,Utilities,1399907.0
Wisconsin,Wholesale trade,7512154.0
Wyoming,Accommodation and food services,600538.0
Wyoming,Administrative and support and waste,276172.0
Wyoming,"Agriculture, forestry, fishing and hunting",8315.0
Wyoming,"Arts, entertainment, and recreation",120531.0
Wyoming,Construction,1022196.0
Wyoming,Educational services,64058.0
Wyoming,Finance and insurance,413841.0
Wyoming,Health care and social assistance,1650796.0
Wyoming,Industries not classified,2801.0
Wyoming,Information,191159.0
Wyoming,Management of companies and enterprises,105256.0
Wyoming,Manufacturing,725873.0
Wyoming,"Mining, quarrying, and oil and gas extraction",1563254.0
Wyoming,Other services (except public administration),281566.0
Wyoming,"Professional, scientific, and technical",598260.0
Wyoming,Real estate and rental and leasing,243443.0
Wyoming,Retail trade,898857.0
Wyoming,Total for all sectors,9982639.0
Wyoming,Transportation and warehousing,514833.0
Wyoming,Utilities,246357.0
Wyoming,Wholesale trade,454533.0
